id,name,model_id:id,group_id:id,perm_read,perm_write,perm_create,perm_unlink
access_product_product_account_user,product.product.account.user,product.model_product_product,group_account_user,1,0,0,0
access_account_payment_term,account.payment.term,model_account_payment_term,account.group_account_user,1,0,0,0
access_account_payment_term_line,account.payment.term.line,model_account_payment_term_line,account.group_account_user,1,0,0,0
access_account_account_type,account.account.type,model_account_account_type,account.group_account_user,1,0,0,0
access_account_tax_internal_user,account.tax internal user,model_account_tax,base.group_user,1,0,0,0
access_account_account,account.account,model_account_account,account.group_account_user,1,0,0,0
access_account_account_user,account.account user,model_account_account,base.group_user,1,0,0,0
access_account_account_partner_manager,account.account partner manager,model_account_account,base.group_partner_manager,1,0,0,0
access_account_journal_period_manager,account.journal.period manager,model_account_journal_period,account.group_account_manager,1,0,0,0
access_account_tax_code,account.tax.code,model_account_tax_code,account.group_account_invoice,1,0,0,0
access_account_tax,account.tax,model_account_tax,account.group_account_invoice,1,0,0,0
access_account_model,account.model,model_account_model,account.group_account_user,1,1,1,1
access_account_model_line,account.model.line,model_account_model_line,account.group_account_user,1,1,1,1
access_account_subscription,account.subscription,model_account_subscription,account.group_account_user,1,1,1,1
access_account_subscription_line,account.subscription.line,model_account_subscription_line,account.group_account_user,1,1,1,1
access_account_subscription_manager,account.subscription manager,model_account_subscription,account.group_account_manager,1,0,0,0
access_account_subscription_line_manager,account.subscription.line manager,model_account_subscription_line,account.group_account_manager,1,0,0,0
access_account_account_template,account.account.template,model_account_account_template,account.group_account_manager,1,1,1,1
access_account_tax_code_template,account.tax.code.template,model_account_tax_code_template,account.group_account_manager,1,1,1,1
access_account_chart_template,account.chart.template,model_account_chart_template,account.group_account_manager,1,1,1,1
access_account_tax_template,account.tax.template,model_account_tax_template,account.group_account_manager,1,1,1,1
access_account_bank_statement,account.bank.statement,model_account_bank_statement,account.group_account_user,1,1,1,1
access_account_bank_statement_line,account.bank.statement.line,model_account_bank_statement_line,account.group_account_user,1,1,1,1
access_account_analytic_line_manager,account.analytic.line manager,model_account_analytic_line,account.group_account_manager,1,0,0,0
access_account_analytic_account,account.analytic.account,analytic.model_account_analytic_account,base.group_user,1,0,0,0
access_account_analytic_journal,account.analytic.journal,model_account_analytic_journal,account.group_account_user,1,0,0,0
access_account_analytic_journal_user,account.analytic.journal,model_account_analytic_journal,base.group_user,1,1,1,0
access_account_invoice_uinvoice,account.invoice,model_account_invoice,account.group_account_invoice,1,1,1,1
access_account_invoice_line_uinvoice,account.invoice.line,model_account_invoice_line,account.group_account_invoice,1,1,1,1
access_account_invoice_tax_uinvoice,account.invoice.tax,model_account_invoice_tax,account.group_account_invoice,1,1,1,1
access_account_move_uinvoice,account.move,model_account_move,account.group_account_invoice,1,1,1,1
access_account_move_line_uinvoice,account.move.line invoice,model_account_move_line,account.group_account_invoice,1,1,1,1
access_account_move_reconcile_uinvoice,account.move.reconcile,model_account_move_reconcile,account.group_account_invoice,1,1,1,1
access_account_journal_period_uinvoice,account.journal.period,model_account_journal_period,account.group_account_invoice,1,1,1,1
access_account_payment_term_manager,account.payment.term,model_account_payment_term,account.group_account_manager,1,1,1,1
access_account_payment_term_line_manager,account.payment.term.line,model_account_payment_term_line,account.group_account_manager,1,1,1,1
access_account_tax_manager,account.tax,model_account_tax,account.group_account_manager,1,1,1,1
access_account_journal_manager,account.journal,model_account_journal,account.group_account_manager,1,1,1,1
access_account_journal_invoice,account.journal invoice,model_account_journal,account.group_account_invoice,1,0,0,0
access_account_period_manager,account.period,model_account_period,account.group_account_manager,1,1,1,1
access_account_period_invoice,account.period invoice,model_account_period,account.group_account_invoice,1,0,0,0
access_account_invoice_group_invoice,account.invoice group invoice,model_account_invoice,account.group_account_invoice,1,1,1,1
access_account_analytic_journal_manager,account.analytic.journal,model_account_analytic_journal,account.group_account_manager,1,1,1,1
access_account_fiscalyear,account.fiscalyear,model_account_fiscalyear,account.group_account_manager,1,1,1,1
access_account_fiscalyear_invoice,account.fiscalyear.invoice,model_account_fiscalyear,account.group_account_invoice,1,0,0,0
access_account_fiscalyear_partner_manager,account.fiscalyear.partnermanager,model_account_fiscalyear,base.group_partner_manager,1,0,0,0
access_account_fiscalyear_employee,account.fiscalyear employee,model_account_fiscalyear,base.group_user,1,0,0,0
access_res_currency_account_manager,res.currency account manager,base.model_res_currency,group_account_manager,1,1,1,1
access_res_currency_rate_account_manager,res.currency.rate account manager,base.model_res_currency_rate,group_account_manager,1,1,1,1
access_res_currency_rate_type_account_manager,res.currency.rate.type account manager,base.model_res_currency_rate_type,group_account_manager,1,1,1,1
access_account_invoice_user,account.invoice user,model_account_invoice,base.group_user,1,0,0,0
access_account_invoice_user,account.invoice.line user,model_account_invoice_line,base.group_user,1,0,0,0
access_account_payment_term_partner_manager,account.payment.term partner manager,model_account_payment_term,base.group_user,1,0,0,0
access_account_payment_term_line_partner_manager,account.payment.term.line partner manager,model_account_payment_term_line,base.group_user,1,0,0,0
access_account_account_sale_manager,account.account sale manager,model_account_account,base.group_sale_manager,1,0,0,0
access_account_fiscal_position_product_manager,account.fiscal.position account.manager,model_account_fiscal_position,account.group_account_manager,1,1,1,1
access_account_fiscal_position_tax_product_manager,account.fiscal.position.tax account.manager,model_account_fiscal_position_tax,account.group_account_manager,1,1,1,1
access_account_fiscal_position_account_product_manager,account.fiscal.position account.manager,model_account_fiscal_position_account,account.group_account_manager,1,1,1,1
access_account_fiscal_position,account.fiscal.position all,model_account_fiscal_position,base.group_user,1,0,0,0
access_account_fiscal_position_tax,account.fiscal.position.tax all,model_account_fiscal_position_tax,base.group_user,1,0,0,0
access_account_fiscal_position_account,account.fiscal.position all,model_account_fiscal_position_account,base.group_user,1,0,0,0
access_account_fiscal_position_template,account.fiscal.position.template,model_account_fiscal_position_template,account.group_account_manager,1,1,1,1
access_account_fiscal_position_tax_template,account.fiscal.position.tax.template,model_account_fiscal_position_tax_template,account.group_account_manager,1,1,1,1
access_account_fiscal_position_account_template,account.fiscal.position.account.template,model_account_fiscal_position_account_template,account.group_account_manager,1,1,1,1
access_account_sequence_fiscal_year_user,account.sequence.fiscalyear user,model_account_sequence_fiscalyear,base.group_user,1,0,0,0
access_temp_range,temp.range,model_temp_range,account.group_account_manager,1,0,0,0
access_report_aged_receivable,report.aged.receivable,model_report_aged_receivable,account.group_account_manager,1,1,1,1
access_report_invoice_created,report.invoice.created,model_report_invoice_created,account.group_account_manager,1,1,1,1
access_report_account_type_sales,report.account_type.sales,model_report_account_type_sales,account.group_account_manager,1,1,1,1
access_report_account_sales,report.account.sales,model_report_account_sales,account.group_account_manager,1,1,1,1
access_account_invoice_report,account.invoice.report,model_account_invoice_report,account.group_account_manager,1,1,1,1
access_res_partner_group_account_manager,res_partner group_account_manager,model_res_partner,account.group_account_manager,1,0,0,0
access_account_invoice_accountant,account.invoice accountant,model_account_invoice,account.group_account_user,1,0,0,0
access_account_tax_code_accountant,account.tax.code accountant,model_account_tax_code,account.group_account_user,1,1,1,1
access_account_move_line_manager,account.move.line manager,model_account_move_line,account.group_account_manager,1,0,0,0
access_account_move_manager,account.move manager,model_account_move,account.group_account_manager,1,0,0,0
access_account_entries_report_manager,account.entries.report,model_account_entries_report,account.group_account_manager,1,1,1,1
access_account_entries_report_invoice,account.entries.report,model_account_entries_report,account.group_account_invoice,1,0,0,0
access_account_entries_report_employee,account.entries.report employee,model_account_entries_report,base.group_user,1,0,0,0
access_analytic_entries_report_manager,analytic.entries.report,model_analytic_entries_report,account.group_account_manager,1,0,0,0
access_account_cashbox_line,account.cashbox.line,model_account_cashbox_line,account.group_account_user,1,1,1,1
access_account_journal_cashbox_line,account.journal.cashbox.line,model_account_journal_cashbox_line,account.group_account_user,1,1,1,0
access_account_invoice_tax_accountant,account.invoice.tax accountant,model_account_invoice_tax,account.group_account_user,1,0,0,0
access_account_move_reconcile_manager,account.move.reconcile manager,model_account_move_reconcile,account.group_account_manager,1,0,0,0
access_account_analytic_line_invoice,account.analytic.line invoice,model_account_analytic_line,account.group_account_invoice,1,1,1,1
access_account_invoice_line_accountant,account.invoice.line accountant,model_account_invoice_line,account.group_account_user,1,0,0,0
access_account_account_invoice,account.account invoice,model_account_account,account.group_account_invoice,1,1,1,1
access_account_analytic_accountant,account.analytic.account accountant,analytic.model_account_analytic_account,account.group_account_user,1,1,1,1
access_account_account_type_invoice,account.account.type invoice,model_account_account_type,account.group_account_invoice,1,1,1,1
access_report_account_receivable_invoice,report.account.receivable.invoice,model_report_account_receivable,account.group_account_invoice,1,1,1,1
access_account_sequence_fiscal_year_invoice,account.sequence.fiscalyear invoice,model_account_sequence_fiscalyear,account.group_account_invoice,1,1,1,1
access_account_tax_sale_manager,account.tax sale manager,model_account_tax,base.group_sale_salesman,1,0,0,0
access_account_journal_sale_manager,account.journal sale manager,model_account_journal,base.group_sale_salesman,1,0,0,0
access_account_invoice_tax_sale_manager,account.invoice.tax  sale manager,model_account_invoice_tax,base.group_sale_salesman,1,0,0,0
access_account_sequence_fiscal_year_sale_user,account.sequence.fiscalyear.sale.user,model_account_sequence_fiscalyear,base.group_sale_salesman,1,1,1,0
access_account_sequence_fiscal_year_sale_manager,account.sequence.fiscalyear.sale.manager,model_account_sequence_fiscalyear,base.group_sale_manager,1,1,1,1
access_account_treasury_report_manager,account.treasury.report.manager,model_account_treasury_report,account.group_account_manager,1,0,0,0
access_account_financial_report,account.financial.report,model_account_financial_report,account.group_account_user,1,1,1,1
access_account_financial_report_invoice,account.financial.report invoice,model_account_financial_report,account.group_account_invoice,1,0,0,0
access_account_statement_operation_template,account.statement.operation.template,model_account_statement_operation_template,account.group_account_user,1,1,1,1
