id,name,model_id:id,group_id:id,perm_read,perm_write,perm_create,perm_unlink
access_account_analytic_plan,account.analytic.plan,model_account_analytic_plan,account.group_account_user,1,1,1,1
access_account_analytic_plan_line,account.analytic.plan.line,model_account_analytic_plan_line,account.group_account_user,1,1,1,1
access_account_analytic_plan_instance,account.analytic.plan.instance,model_account_analytic_plan_instance,account.group_account_user,1,1,1,1
access_account_analytic_plan_instance_line,account.analytic.plan.instance.line,model_account_analytic_plan_instance_line,account.group_account_user,1,1,1,1
access_account_analytic_plan_line_invoice,account.analytic.plan.line.invoice,model_account_analytic_plan_line,account.group_account_user,1,1,1,1
