<?xml version="1.0" encoding="utf-8"?>
<openerp>
  <data noupdate="1">

    <!-- Globalisation Level Sequence-->
    <record id="sequence_reconcile" model="ir.sequence.type">
      <field name="name">Statement Line Globalisation sequence</field>
      <field name="code">statement.line.global</field>
    </record>
    <record id="sequence_reconcile_seq" model="ir.sequence">
      <field name="name">Statement Line Globalisation sequence</field>
      <field name="code">statement.line.global</field>
      <field name="prefix">G</field>
      <field eval="1" name="number_next"/>
      <field eval="1" name="number_increment"/>
    </record>

  </data>
</openerp>
