<?xml version="1.0" encoding="utf-8"?>
<openerp>
    <data>
        <record id="view_account_sequence_installer" model="ir.ui.view">
            <field name="name">account.sequence.installer.view</field>
            <field name="model">account.sequence.installer</field>
            <field name="inherit_id" ref="base.res_config_installer"/>
            <field name="arch" type="xml">
                <data>
                    <form position="attributes">
                        <attribute name="string">Account Sequence Application Configuration</attribute>
                    </form>
                    <separator string="title" position="before">
                        <label string="You can enhance the Account Sequence Application by installing ."/>
                    </separator>
                    <xpath expr="//separator[@string='title']" position="after">
                        <group colspan="8" position="inside">
                            <field name="name" colspan="4"/>
                            <field name="prefix"/>
                            <field name="suffix"/>
                            <field name="number_next"/>
                            <field name="number_increment"/>
                            <field name="padding"/>
                            <field name="company_id" groups="base.group_multi_company"/>
                        </group>
                    </xpath>
                    <separator string="title" position="attributes">
                        <attribute name="string">Configure Your Account Sequence Application</attribute>
                    </separator>
                    <xpath expr="//button[@string='Install Modules']" position="attributes">
                        <attribute name="string">Configure</attribute>
                    </xpath>
                </data>
            </field>
        </record>

        <record id="action_account_seq_installer" model="ir.actions.act_window">
            <field name="name">Account Sequence Application Configuration</field>
            <field name="type">ir.actions.act_window</field>
            <field name="res_model">account.sequence.installer</field>
            <field name="view_id" ref="view_account_sequence_installer"/>
            <field name="view_type">form</field>
            <field name="view_mode">form</field>
            <field name="target">new</field>
        </record>
    
        <record id="account_seq_installer_todo" model="ir.actions.todo">
            <field name="action_id" ref="action_account_seq_installer"/>
            <field name="sequence">3</field>
            <field name="type">automatic</field>
        </record>
    </data>
</openerp>
