<openerp>
    <data>

        <!-- ldap installer Form View -->
        <record model="ir.ui.view" id="view_ldap_installer_form">
            <field name="name">ldap.installer.form</field>
            <field name="model">res.company.ldap</field>
            <field name="arch" type="xml">
                <form string="LDAP Configuration" version="7.0">
                    <group>
                        <field name="company"/>
                        <newline/>
                        <group string="Server Information">
                              <field name="ldap_server"/>
                              <field name="ldap_server_port"/>
                              <field name="ldap_tls"/>
                        </group>
                        <group string="Login Information">
                              <field name="ldap_binddn"/>
                              <field name="ldap_password"/>
                        </group>
                        <group string="Process Parameter">
                             <field name="ldap_base"/>
                             <field name="ldap_filter"/>
                             <field name="sequence"/>
                        </group>
                        <group string="User Information">
                             <field name="create_user"/>
                             <field name="user"/>
                        </group>
                    </group>
                </form>
            </field>
        </record>

        <!-- ldap installer  action -->
        <record id="action_ldap_installer" model="ir.actions.act_window">
             <field name="name">Setup your LDAP Server</field>
             <field name="type">ir.actions.act_window</field>
             <field name="res_model">res.company.ldap</field>
             <field name="view_type">form</field>
             <field name="view_mode">form</field>
             <field name="view_id" ref="view_ldap_installer_form"/>
        </record>

        <record id="config_wizard_action_ldap_installer" model="ir.actions.todo">
            <field name="action_id" ref="action_ldap_installer"/>
        </record>
    </data>
</openerp>
