id,name,model_id:id,group_id:id,perm_read,perm_write,perm_create,perm_unlink
access_account_followup_followup_line,account_followup.followup.line,model_account_followup_followup_line,account.group_account_invoice,1,0,0,0
access_account_followup_followup_line_manager,account_followup.followup.line.manager,model_account_followup_followup_line,account.group_account_manager,1,1,1,1
access_account_followup_followup_accountant,account_followup.followup user,model_account_followup_followup,account.group_account_invoice,1,0,0,0
access_account_followup_followup_manager,account_followup.followup.manager,model_account_followup_followup,account.group_account_manager,1,1,1,1
access_account_followup_stat_invoice,account_followup.stat.invoice,model_account_followup_stat,account.group_account_invoice,1,1,0,0
access_account_followup_stat_by_partner_manager,account_followup.stat.by.partner,model_account_followup_stat_by_partner,account.group_account_user,1,1,0,0
