id,name,model_id:id,group_id:id,perm_read,perm_write,perm_create,perm_unlink
access_analytic_user_funct_user,analytic user funct user,model_analytic_user_funct_grid,account.group_account_manager,1,0,0,0
access_analytic_user_funct_manager,analytic user funct manager,model_analytic_user_funct_grid,account.group_account_manager,1,1,1,1
access_analytic_user_funct_account_manager,analytic user funct account manager,model_analytic_user_funct_grid,account.group_account_manager,1,1,1,1
access_analytic_user_funct_grid_hr_user,analytic user funct grid hr user,model_analytic_user_funct_grid,base.group_hr_user,1,0,0,0
access_analytic_user_funct_grid_hr_manager,analytic user funct grid hr manager,model_analytic_user_funct_grid,base.group_hr_manager,1,1,1,1
access_analytic_user_funct_grid_all,analytic user funct grid,model_analytic_user_funct_grid,base.group_user,1,0,0,0
