<?xml version="1.0" encoding="utf-8"?>
<openerp>
    <data noupdate="1">
    <record id="seq_type_analytic_account_main" model="ir.sequence.type">
            <field name="name">Analytic account</field>
            <field name="code">account.analytic.account</field>
        </record>
        <record id="seq_analytic_account_base" model="ir.sequence">
            <field name="name">Analytic account sequence</field>
            <field name="code">account.analytic.account</field>
            <field name="prefix">AA</field>
            <field name="padding">3</field>
        </record>

    </data>
</openerp>
