id,name,model_id:id,group_id:id,perm_read,perm_write,perm_create,perm_unlink
access_payment_mode,payment.mode,model_payment_mode,group_account_payment,1,1,1,1
access_payment_order,payment.order,model_payment_order,group_account_payment,1,1,1,1
access_payment_line,payment.line,model_payment_line,group_account_payment,1,1,1,1
access_account_journal_payement,account.journal payment,account.model_account_journal,group_account_payment,1,0,0,0
access_account_invoice_payment,account.invoice payment,account.model_account_invoice,group_account_payment,1,0,0,0
access_account_move_line_payment,account.move.line payment,account.model_account_move_line,group_account_payment,1,0,0,0
access_payment_order_manager,payment.order manager,model_payment_order,account.group_account_manager,1,0,0,0
