<?xml version="1.0" encoding="utf-8"?>
<openerp>
    <data noupdate="1">
        <record forcecreate="1" id="seq_type_payment_order" model="ir.sequence.type">
            <field name="name">Payment order</field>
            <field name="code">payment.order</field>
        </record>
        
        <record forcecreate="1" id="seq_payment_order" model="ir.sequence">
            <field name="name">Payment order</field>
            <field name="code">payment.order</field>
            <field eval="3" name="padding"/>
            <field name="prefix">%(year)s/</field>
        </record>
        
        <record forcecreate="1" id="seq_type_payment_line" model="ir.sequence.type">
            <field name="name">Payment Line</field>
            <field name="code">payment.line</field>
        </record>
        
        <record forcecreate="1" id="seq_payment_line" model="ir.sequence">
            <field name="name">Payment Line</field>
            <field name="code">payment.line</field>
            <field name="prefix"/>
            <field name="padding">3</field>
        </record>
        
    </data>
</openerp>
