<openerp>
    <data>
        <record id="view_account_configuration_installer" model="ir.ui.view">
            <field name="name">account.installer.form</field>
            <field name="model">account.installer</field>
            <field name="inherit_id" ref="base.res_config_installer"/>
            <field name="arch" type="xml">
                <form position="attributes" version="7.0">
                    <attribute name="string">Accounting Application Configuration</attribute>
                </form>
                <footer position="replace">
                    <footer>
                      <button name="action_next" context="{'default_charts':charts}" type="object" string="Continue" class="oe_highlight"/>
                    </footer>
                </footer>
                <separator string="title" position="replace">
                    <p class="oe_grey">
                        Select a configuration package to setup automatically your
                        taxes and chart of accounts.
                    </p>
                    <group>
                        <field name="charts" class="oe_inline"/>
                        <field name="company_id" widget="selection"/><!-- we assume that this wizard will be run only by administrators and as this field may cause problem if hidden (because of the default company of the user removed from the selection because already configured), we simply choosed to remove the group "multi company" of it -->
                    </group>
                    <group string="Configure your Fiscal Year" groups="account.group_account_user">
                        <field name="has_default_company" invisible="1" />
                        
                        <label for="date_start" string="Date Range"/>
                        <div>
                            <field name="date_start" on_change="on_change_start_date(date_start)" class="oe_inline"/> -
                            <field name="date_stop" class="oe_inline"/>
                        </div>
                        <field name="period"/>
                    </group>
                </separator>
            </field>
        </record>

        <record id="action_account_configuration_installer" model="ir.actions.act_window">
            <field name="name">Configure Accounting Data</field>
            <field name="type">ir.actions.act_window</field>
            <field name="res_model">account.installer</field>
            <field name="view_id" ref="view_account_configuration_installer"/>
            <field name="view_type">form</field>
            <field name="view_mode">form</field>
            <field name="target">new</field>
        </record>

        <record id="account_configuration_installer_todo" model="ir.actions.todo">
            <field name="action_id" ref="action_account_configuration_installer"/>
            <field name="sequence">3</field>
            <field name="type">automatic</field>
        </record>

    </data>
</openerp>
