<?xml version="1.0" encoding="utf-8"?>
<openerp>
    <data noupdate="1">
        <!-- 
            Financial Reports
        -->
        <record id="account_financial_report_profitandloss0" model="account.financial.report">
            <field name="name">Profit and Loss</field>
            <field name="sign" eval="-1" />
            <field name="type">sum</field>
        </record>
        <record id="account_financial_report_income0" model="account.financial.report">
            <field name="name">Income</field>
            <field name="sign" eval="-1" />
            <field name="parent_id" ref="account_financial_report_profitandloss0"/>
            <field name="display_detail">detail_with_hierarchy</field>
            <field name="type">account_type</field>
        </record>
        <record id="account_financial_report_expense0" model="account.financial.report">
            <field name="name">Expense</field>
            <field name="sign" eval="-1" />
            <field name="parent_id" ref="account_financial_report_profitandloss0"/>
            <field name="display_detail">detail_with_hierarchy</field>
            <field name="type">account_type</field>
        </record>

        <record id="account_financial_report_balancesheet0" model="account.financial.report">
            <field name="name">Balance Sheet</field>
            <field name="type">sum</field>
        </record>
        <record id="account_financial_report_assets0" model="account.financial.report">
            <field name="name">Assets</field>
            <field name="parent_id" ref="account_financial_report_balancesheet0"/>
            <field name="display_detail">detail_with_hierarchy</field>
            <field name="type">account_type</field>
        </record>
        <record id="account_financial_report_liabilitysum0" model="account.financial.report">
            <field name="name">Liability</field>
            <field name="parent_id" ref="account_financial_report_balancesheet0"/>
            <field name="display_detail">no_detail</field>
            <field name="type">sum</field>
        </record>
        <record id="account_financial_report_liability0" model="account.financial.report">
            <field name="name">Liability</field>
            <field name="parent_id" ref="account_financial_report_liabilitysum0"/>
            <field name="display_detail">detail_with_hierarchy</field>
            <field name="type">account_type</field>
        </record>
        <record id="account_financial_report_profitloss_toreport0" model="account.financial.report">
            <field name="name">Profit (Loss) to report</field>
            <field name="parent_id" ref="account_financial_report_liabilitysum0"/>
            <field name="display_detail">no_detail</field>
            <field name="type">account_report</field>
            <field name="account_report_id" ref="account_financial_report_profitandloss0"/>
        </record>
    </data>
</openerp>

