<?xml version="1.0" encoding="utf-8"?>
<openerp>
    <data>
        <record model="ir.ui.view" id="view_company_inherit_form">
            <field name="name">res.company.form.inherit</field>
            <field name="inherit_id" ref="base.view_company_form"/>
            <field name="model">res.company</field>
            <field name="arch" type="xml">
                <notebook position="inside">
                    <page string="Overdue Payments" position="inside">
                        <separator string="Overdue Payments Message" colspan="4"/>
                        <field name="overdue_msg" nolabel="1" colspan ="4"/>
                    </page>
                </notebook>
            </field>
        </record>

    </data>
</openerp>
