<?xml version="1.0" encoding="utf-8"?>
<openerp>
    <data>
        <record id="sequence_inherit_form" model="ir.ui.view">
            <field name="name">ir.sequence.form</field>
            <field name="model">ir.sequence</field>
            <field name="inherit_id" ref="base.sequence_view"/>
            <field name="arch" type="xml">
                <page position="after">
                    <page string="Fiscal Years">
                        <field name="fiscal_ids" nolabel="1" colspan="4">
                            <tree string="Fiscal Year Sequences" editable="bottom">
                                <field name="fiscalyear_id"/>
                                <field name="sequence_id" domain="[('code','=',parent.code)]"/>
                            </tree>
                            <form string="Fiscal Year Sequence">
                                <field name="fiscalyear_id"/>
                                <field name="sequence_id" domain="[('code','=',parent.code)]"/>
                            </form>
                        </field>
                    </page>
                </page>
            </field>
        </record>

    </data>
</openerp>
