<?xml version="1.0" encoding="utf-8"?>
<openerp>
    <data>

        <!-- deactivate minimal account -->
        <record id="account.minimal_0" model="account.account">
            <field eval="False" name="active"/>
        </record>
        <record id="account.a_recv" model="account.account">
            <field eval="False" name="active"/>
        </record>
        <record id="account.a_pay" model="account.account">
            <field eval="False" name="active"/>
        </record>
        <record id="account.cash" model="account.account">
            <field eval="False" name="active"/>
        </record>
        <record id="account.a_expense" model="account.account">
            <field eval="False" name="active"/>
        </record>
        <record id="account.a_sale" model="account.account">
            <field eval="False" name="active"/>
        </record>

    </data>
</openerp>
