id,name,model_id:id,group_id:id,perm_read,perm_write,perm_create,perm_unlink
access_account_analytic_analysis_summary_user_sale,account_analytic_analysis.summary.user sale,model_account_analytic_analysis_summary_user,base.group_sale_salesman,1,0,0,0
access_account_analytic_analysis_summary_month_sale,account_analytic_analysis.summary.month sale,model_account_analytic_analysis_summary_month,base.group_sale_salesman,1,0,0,0
access_account_analytic_analysis_summary_user,account_analytic_analysis.summary.user,model_account_analytic_analysis_summary_user,account.group_account_manager,1,0,0,0
access_account_analytic_analysis_summary_month,account_analytic_analysis.summary.month,model_account_analytic_analysis_summary_month,account.group_account_manager,1,0,0,0
access_edi_edi,access_edi_edi,edi.model_edi_edi,account.group_account_manager,1,1,1,1
access_account_analytic_invoice_line,account_analytic_invoice_line.user,model_account_analytic_invoice_line,account.group_account_user,1,1,1,1
access_account_analytic_invoice_line,account_analytic_invoice_line.user,model_account_analytic_invoice_line,base.group_sale_salesman,1,1,1,1
